copado__User_Story__r.Name,copado__User_Story__r.copado__User_Story_Title__c,copado__Metadata_API_Name__c,copado__Type__c,copado__Category__c,copado__Action__c,copado__Status__c,copado__ModuleDirectory__c,copado__Last_Commit_Date__c,copado__JsonInformation__c,copado__Unique_ID__c,CreatedDate,CreatedBy.Name,LastModifiedDate,LastModifiedBy.Name,developer,jira_key
US-0033649,Fee rules Metadata ConnectionFee - SAL-84366,CustomMetadata.PR_Generic.Custom_Activation_fee_5GBCapped,CustomMetadata,,,,,2025-10-07T18:26:51.000+0000,,aC2Pl000000FDMlKAO_CustomMetadata.PR_Generic.Custom_Activation_fee_5GBCapped,2025-10-07T18:26:51.000+0000,Shivani Soni,2025-10-07T18:26:51.000+0000,Shivani Soni,Shivani Soni,SAL-84366
US-0033649,Fee rules Metadata ConnectionFee - SAL-84366,CustomMetadata.PR_Generic.Custom_Activation_fee_100GBData,CustomMetadata,,,,,2025-10-07T18:26:51.000+0000,,aC2Pl000000FDMlKAO_CustomMetadata.PR_Generic.Custom_Activation_fee_100GBData,2025-10-07T18:26:51.000+0000,Shivani Soni,2025-10-07T18:26:51.000+0000,Shivani Soni,Shivani Soni,SAL-84366
US-0033649,Fee rules Metadata ConnectionFee - SAL-84366,CustomMetadata.PR_Generic.Custom_Activation_fee_15GBData,CustomMetadata,,,,,2025-10-07T18:26:51.000+0000,,aC2Pl000000FDMlKAO_CustomMetadata.PR_Generic.Custom_Activation_fee_15GBData,2025-10-07T18:26:51.000+0000,Shivani Soni,2025-10-07T18:26:51.000+0000,Shivani Soni,Shivani Soni,SAL-84366
US-0033649,Fee rules Metadata ConnectionFee - SAL-84366,CustomMetadata.PR_Generic.Custom_Activation_fee_16GB,CustomMetadata,,,,,2025-10-07T18:26:51.000+0000,,aC2Pl000000FDMlKAO_CustomMetadata.PR_Generic.Custom_Activation_fee_16GB,2025-10-07T18:26:51.000+0000,Shivani Soni,2025-10-07T18:26:51.000+0000,Shivani Soni,Shivani Soni,SAL-84366
US-0033649,Fee rules Metadata ConnectionFee - SAL-84366,CustomMetadata.PR_Generic.Custom_Activation_fee_Unlimited,CustomMetadata,,,,,2025-10-07T18:26:51.000+0000,,aC2Pl000000FDMlKAO_CustomMetadata.PR_Generic.Custom_Activation_fee_Unlimited,2025-10-07T18:26:51.000+0000,Shivani Soni,2025-10-07T18:26:51.000+0000,Shivani Soni,Shivani Soni,SAL-84366
US-0033649,Fee rules Metadata ConnectionFee - SAL-84366,CustomMetadata.PR_Generic.Custom_Activation_fee_8GB,CustomMetadata,,,,,2025-10-07T18:26:51.000+0000,,aC2Pl000000FDMlKAO_CustomMetadata.PR_Generic.Custom_Activation_fee_8GB,2025-10-07T18:26:51.000+0000,Shivani Soni,2025-10-07T18:26:51.000+0000,Shivani Soni,Shivani Soni,SAL-84366
US-0033648,Connectionfee based on Booststoreid - SAL-84367,OmniScript.PR_MobileExistingPrepaidAdd_English,OmniScript,,,Auto-resolved,,2025-10-07T18:59:08.000+0000,,aC2Pl000000FDMkKAO_OmniScript.PR_MobileExistingPrepaidAdd_English,2025-10-07T18:59:08.000+0000,nandhini govindasamy,2025-10-14T15:26:04.000+0000,eviliardo espinosa,nandhini govindasamy,SAL-84367
US-0033648,Connectionfee based on Booststoreid - SAL-84367,IntegrationProcedure.PR_GetBoostNonBoostPlansActivationIP,IntegrationProcedure,,,,,2025-10-07T18:59:08.000+0000,,aC2Pl000000FDMkKAO_IntegrationProcedure.PR_GetBoostNonBoostPlansActivationIP,2025-10-07T18:59:08.000+0000,nandhini govindasamy,2025-10-07T18:59:08.000+0000,nandhini govindasamy,nandhini govindasamy,SAL-84367
US-0033648,Connectionfee based on Booststoreid - SAL-84367,DataRaptor.PR_GetBoostNonBoostPlansActivation,DataRaptor,,,,,2025-10-07T18:59:08.000+0000,,aC2Pl000000FDMkKAO_DataRaptor.PR_GetBoostNonBoostPlansActivation,2025-10-07T18:59:08.000+0000,nandhini govindasamy,2025-10-07T18:59:08.000+0000,nandhini govindasamy,nandhini govindasamy,SAL-84367
US-0033648,Connectionfee based on Booststoreid - SAL-84367,OmniScript.PR_CreatePrepaidConnection_English,OmniScript,,,Auto-resolved,,2025-10-07T18:59:08.000+0000,,aC2Pl000000FDMkKAO_OmniScript.PR_CreatePrepaidConnection_English,2025-10-07T18:59:08.000+0000,nandhini govindasamy,2025-10-14T15:26:04.000+0000,eviliardo espinosa,nandhini govindasamy,SAL-84367
US-0033648,Connectionfee based on Booststoreid - SAL-84367,ApexClass.PR_BoostStoreValidator_tst,ApexClass,,,,,2025-10-07T18:59:08.000+0000,,aC2Pl000000FDMkKAO_ApexClass.PR_BoostStoreValidator_tst,2025-10-07T18:59:08.000+0000,nandhini govindasamy,2025-10-07T18:59:08.000+0000,nandhini govindasamy,nandhini govindasamy,SAL-84367
US-0033648,Connectionfee based on Booststoreid - SAL-84367,ApexClass.PR_BoostStoreValidator_cls,ApexClass,,,,,2025-10-07T18:59:08.000+0000,,aC2Pl000000FDMkKAO_ApexClass.PR_BoostStoreValidator_cls,2025-10-07T18:59:08.000+0000,nandhini govindasamy,2025-10-07T18:59:08.000+0000,nandhini govindasamy,nandhini govindasamy,SAL-84367
US-0033665,POS Boost Stores - SAL-84390,CustomField.PR_Summary_Information__mdt.PR_Payment_Type__c,CustomField,,,,,2025-10-08T09:55:49.000+0000,,aC2Pl000000FE7VKAW_CustomField.PR_Summary_Information__mdt.PR_Payment_Type__c,2025-10-08T09:55:49.000+0000,nandhini govindasamy,2025-10-08T09:55:49.000+0000,nandhini govindasamy,nandhini govindasamy,SAL-84390
US-0033665,POS Boost Stores - SAL-84390,CustomMetadata.PR_Summary_Information.PMobilePrepaidConnectionAR,CustomMetadata,,,,,2025-10-08T09:55:49.000+0000,,aC2Pl000000FE7VKAW_CustomMetadata.PR_Summary_Information.PMobilePrepaidConnectionAR,2025-10-08T09:55:49.000+0000,nandhini govindasamy,2025-10-08T09:55:49.000+0000,nandhini govindasamy,nandhini govindasamy,SAL-84390
US-0033665,POS Boost Stores - SAL-84390,CustomField.PR_Summary_Information__mdt.PR_Store_Type__c,CustomField,,,,,2025-10-08T09:55:49.000+0000,,aC2Pl000000FE7VKAW_CustomField.PR_Summary_Information__mdt.PR_Store_Type__c,2025-10-08T09:55:49.000+0000,nandhini govindasamy,2025-10-08T09:55:49.000+0000,nandhini govindasamy,nandhini govindasamy,SAL-84390
US-0033665,POS Boost Stores - SAL-84390,CustomField.PR_Summary_Information__mdt.PR_DisplayIn_c__c,CustomField,,,,,2025-10-08T09:55:49.000+0000,,aC2Pl000000FE7VKAW_CustomField.PR_Summary_Information__mdt.PR_DisplayIn_c__c,2025-10-08T09:55:49.000+0000,nandhini govindasamy,2025-10-08T09:55:49.000+0000,nandhini govindasamy,nandhini govindasamy,SAL-84390
US-0033670,Deployment of PR_GetOffersIP - SAL-84421,IntegrationProcedure.PR_getOffersIP,IntegrationProcedure,,,Auto-resolved,,2025-10-08T16:18:43.000+0000,,aC2Pl000000FENdKAO_IntegrationProcedure.PR_getOffersIP,2025-10-08T16:18:43.000+0000,Shivani Soni,2025-10-16T00:19:51.000+0000,Nagaswarup Thumu,pravin govardhanan,SAL-84421
US-0033682,Deployment :Sync plan info Aria -- Create commercial Order Aria dependency - SAL-84451,OrchestrationDependencyDefinition.Sync Plan Info From ARIA -- Create Commercial Order Aria (023a0fef-f963-b654-2cbf-0b0bd6732bdf),OrchestrationDependencyDefinition,,,,,2025-10-09T08:49:26.000+0000,,aC2Pl000000FFunKAG_OrchestrationDependencyDefinition.Sync Plan Info From ARIA -- Create Commercial Order Aria (023a0fef-f963-b654-2cbf-0b0bd6732bdf),2025-10-09T08:49:26.000+0000,Sunil Bishnoi,2025-10-09T08:49:26.000+0000,Sunil Bishnoi,Shubham Mehta,SAL-84451
US-0033687,Code Change - QA-213596,LightningComponentBundle.prMobilePostpaidAdjustment_lwc,LightningComponentBundle,,,Potential Conflict,,2025-10-09T10:46:41.000+0000,,aC2Pl000000FG2rKAG_LightningComponentBundle.prMobilePostpaidAdjustment_lwc,2025-10-09T10:46:42.000+0000,Shivani Soni,2025-10-13T22:08:54.000+0000,Juan Pablo Hernández,Shivani Soni,QA-213596
US-0033689,Development / SIT Deployment / QA Deployment : Skip assetisation conditionally when order is Activated - SAL-84456,CustomField.OrderItem.SkipAssetization__c,CustomField,,,,,2025-10-09T11:35:24.000+0000,,aC2Pl000000FG65KAG_CustomField.OrderItem.SkipAssetization__c,2025-10-09T11:35:24.000+0000,Shubham Mehta,2025-10-09T11:35:24.000+0000,Shubham Mehta,Shubham Mehta,SAL-84456
US-0033689,Development / SIT Deployment / QA Deployment : Skip assetisation conditionally when order is Activated - SAL-84456,ApexClass.AriaMultilineDiscountTmfJsonHelper,ApexClass,,,,,2025-10-09T11:35:24.000+0000,,aC2Pl000000FG65KAG_ApexClass.AriaMultilineDiscountTmfJsonHelper,2025-10-09T11:35:24.000+0000,Shubham Mehta,2025-10-09T11:35:24.000+0000,Shubham Mehta,Shubham Mehta,SAL-84456
US-0033689,Development / SIT Deployment / QA Deployment : Skip assetisation conditionally when order is Activated - SAL-84456,ApexClass.AriaMultilineDiscountTmfJsonHelperTest,ApexClass,,,,,2025-10-09T11:35:24.000+0000,,aC2Pl000000FG65KAG_ApexClass.AriaMultilineDiscountTmfJsonHelperTest,2025-10-09T11:35:24.000+0000,Shubham Mehta,2025-10-09T11:35:24.000+0000,Shubham Mehta,Shubham Mehta,SAL-84456
US-0033689,Development / SIT Deployment / QA Deployment : Skip assetisation conditionally when order is Activated - SAL-84456,PermissionSet.PRB2B_SFICPQUser_PS,PermissionSet,,,Auto-resolved,,2025-10-09T11:35:24.000+0000,,aC2Pl000000FG65KAG_PermissionSet.PRB2B_SFICPQUser_PS,2025-10-09T11:35:24.000+0000,Shubham Mehta,2025-10-14T22:29:12.000+0000,Jorge Barradas,Shubham Mehta,SAL-84456
US-0033689,Development / SIT Deployment / QA Deployment : Skip assetisation conditionally when order is Activated - SAL-84456,CustomField.Order.SkipAssetization__c,CustomField,,,,,2025-10-09T11:35:24.000+0000,,aC2Pl000000FG65KAG_CustomField.Order.SkipAssetization__c,2025-10-09T11:35:24.000+0000,Shubham Mehta,2025-10-09T11:35:24.000+0000,Shubham Mehta,Shubham Mehta,SAL-84456
US-0033690,Development / SIT Deployment / QA Deployment - QA-213628,ApexClass.PR_InvoiceImpactService_Test,ApexClass,,,Potential Conflict,,2025-10-09T11:57:59.000+0000,,aC2Pl000000FG7hKAG_ApexClass.PR_InvoiceImpactService_Test,2025-10-09T11:57:59.000+0000,Shivani Soni,2025-10-09T11:58:02.000+0000,Shivani Soni,Shivani Soni,QA-213628
US-0033690,Development / SIT Deployment / QA Deployment - QA-213628,ApexClass.PR_InvoiceImpactService,ApexClass,,,Potential Conflict,,2025-10-09T11:57:59.000+0000,,aC2Pl000000FG7hKAG_ApexClass.PR_InvoiceImpactService,2025-10-09T11:57:59.000+0000,Shivani Soni,2025-10-09T11:58:02.000+0000,Shivani Soni,Shivani Soni,QA-213628
US-0033692,Deployment for PR_DRGetAssetNameFromId for productchild - SAL-84464,OmniScript.PR_MobilePrepaidChangePlan_English,OmniScript,,,Auto-resolved,,2025-10-09T13:20:09.000+0000,,aC2Pl000000FG9JKAW_OmniScript.PR_MobilePrepaidChangePlan_English,2025-10-09T13:20:09.000+0000,Shivani Soni,2025-10-14T21:15:08.000+0000,Gustavo Lopez,Shivani Soni,SAL-84464
US-0033695,Development / SIT Deployment / QA Deployment - SAL-84443,IntegrationProcedure.PR_ManageEbillTMF666SubIP,IntegrationProcedure,,,,,2025-10-10T04:58:19.000+0000,,aC2Pl000000FGFlKAO_IntegrationProcedure.PR_ManageEbillTMF666SubIP,2025-10-10T04:58:19.000+0000,Haripriya S,2025-10-10T04:58:19.000+0000,Haripriya S,Haripriya S,SAL-84443
US-0033695,Development / SIT Deployment / QA Deployment - SAL-84443,IntegrationProcedure.PR_ManageEbillTMF666IP,IntegrationProcedure,,,Auto-resolved,,2025-10-10T04:58:19.000+0000,,aC2Pl000000FGFlKAO_IntegrationProcedure.PR_ManageEbillTMF666IP,2025-10-10T04:58:19.000+0000,Haripriya S,2025-10-14T22:29:12.000+0000,Jorge Barradas,Haripriya S,SAL-84443
US-0033638,QA deployment - QA-211994,LightningComponentBundle.prDeviceTile,LightningComponentBundle,,,Potential Conflict,,2025-10-10T05:35:12.000+0000,,aC2Pl000000FCYjKAO_LightningComponentBundle.prDeviceTile,2025-10-10T05:35:12.000+0000,Shivani Soni,2025-10-10T05:35:14.000+0000,Shivani Soni,elang kapilann,QA-211994
US-0033638,QA deployment - QA-211994,LightningComponentBundle.prWearableTile,LightningComponentBundle,,,Potential Conflict,,2025-10-10T05:35:12.000+0000,,aC2Pl000000FCYjKAO_LightningComponentBundle.prWearableTile,2025-10-10T05:35:12.000+0000,Shivani Soni,2025-10-10T05:35:14.000+0000,Shivani Soni,elang kapilann,QA-211994
US-0033638,QA deployment - QA-211994,LightningComponentBundle.prShowWearableTileLwc,LightningComponentBundle,,,Potential Conflict,,2025-10-10T05:35:12.000+0000,,aC2Pl000000FCYjKAO_LightningComponentBundle.prShowWearableTileLwc,2025-10-10T05:35:12.000+0000,Shivani Soni,2025-10-10T05:35:14.000+0000,Shivani Soni,elang kapilann,QA-211994
US-0033638,QA deployment - QA-211994,LightningComponentBundle.pR_BuyersRemorseDeviceTile_Lwc,LightningComponentBundle,,,,,2025-10-10T05:35:12.000+0000,,aC2Pl000000FCYjKAO_LightningComponentBundle.pR_BuyersRemorseDeviceTile_Lwc,2025-10-10T05:35:12.000+0000,Shivani Soni,2025-10-10T05:35:12.000+0000,Shivani Soni,elang kapilann,QA-211994
US-0033703,Deployment - SAL-84503,IntegrationProcedure.PR_CancelOrderConsentMgmtIP,IntegrationProcedure,,,Auto-resolved,,2025-10-10T12:46:09.000+0000,,aC2Pl000000FLgrKAG_IntegrationProcedure.PR_CancelOrderConsentMgmtIP,2025-10-10T12:46:09.000+0000,Haripriya S,2025-10-13T06:40:05.000+0000,Ajay Myla,Haripriya S,SAL-84503
US-0033704,Development / SIT Deployment / QA Deployment - QA-213949,ApexClass.PR_InvoiceImpactService_Test,ApexClass,,,,,2025-10-10T13:48:51.000+0000,,aC2Pl000000FLqXKAW_ApexClass.PR_InvoiceImpactService_Test,2025-10-10T13:48:51.000+0000,Shivani Soni,2025-10-10T13:48:51.000+0000,Shivani Soni,Shivani Soni,QA-213949
US-0033704,Development / SIT Deployment / QA Deployment - QA-213949,ApexClass.PR_InvoiceImpactService,ApexClass,,,Auto-resolved,,2025-10-10T13:48:51.000+0000,,aC2Pl000000FLqXKAW_ApexClass.PR_InvoiceImpactService,2025-10-10T13:48:51.000+0000,Shivani Soni,2025-10-16T00:19:52.000+0000,Nagaswarup Thumu,Shivani Soni,QA-213949
